{"cameraMode":{"drawMode":0,"name":"Shaded","section":"Shading Mode"},"sceneLighting":false,"audioPlay":false,"sceneViewState":{"showFog":true,"showMaterialUpdate":false,"showSkybox":false,"showFlares":true,"showImageEffects":true,"showParticleSystems":true},"in2DMode":false,"pivot":{"x":1.3058955669403077,"y":1.8104790449142457,"z":2.7517476081848146},"rotation":{"x":0.04938520863652229,"y":0.9304878115653992,"z":-0.13664348423480988,"w":0.3362851142883301},"size":5.539394378662109,"orthographic":false}